id_resena,autor,estrellas,fecha,texto,respuesta_dueno
ChZDSUhNMG9nS0VJQ0FnSURidnBUV05nEAE,sebastian marcos lopez,1,Hace 2 años,"Lamentablemente tengo que decir que entramos a elegir unas maderas para que nuestro carpintero nos pase un presupuesto y nadie nos atendió para nada, había 2 empleados sentados y solo dijeron hola... Casi un calco de lo que pasa en la otra sucursal, se nota que tienen mucho trabajo y calidad pero en atención dejan mucho que desear, el local hermoso , espero puedan mejorar en este punto.","Hola Sebastián, antes que nada lamentamos tu experiencia, nos estamos tomando muy en serio la opinión de los clientes para poder mejorar día a día. Nos gustaría poder ayudarte en lo que buscas. Estamos hablado con los equipos de ventas de las sucursales para brindar una mejor calidad de atención.
Te invitamos a que vuelvas para poder ayudarte. Gracias por la observación, nos ayuda a crecer y superarnos.
Te esperamos!"
Ci9DQUlRQUNvZENodHljRjlvT2xjNVRUSXhSelEwZGpabFVuZEpiV3hYYjJrM1dFRRAB,carlos alvarez,3,Hace un mes,Buen asesoramiento. Productos muy caros,"Hola Carlos! gracias por valorar nuestro esfuerzo. Te ofrecieron medios de pago alternativos? siempre hay opciones! 
Saludos!"
Ci9DQUlRQUNvZENodHljRjlvT2xOSVdWWXROMnc1V1hSd1dqTkNNVkl5YWkxVWRIYxAB,Marcelo Martín,5,Fecha de edición: hace 3 días,Excelente atención.  Amplia gama de productos,
ChZDSUhNMG9nS0VJQ0FnSURibV9lVE53EAE,MARCOS DURAÑONA,5,Hace 2 años,"Estuve en el local de centenario citybell , estaba medio mareado con elecciones de colores de melamina y herrajes , por suerte tuve una excelente atencion y cobertura de lo q andaba necesitando, recomiendo totalmente, volvere para nuevos proyectos, gracias…","Marcos muchas gracias por comentarnos tu experiencia! 
Somos concientes de las dificultades de los proyectos y ponemos lo mejor para ayudar a los clientes. Te esperamos cuando quieras encarar tus proyectos o quieras asesoramiento. 
Saludos y que tengas un excelente fin de semana."
ChZDSUhNMG9nS0VJQ0FnSURicU5xVlp3EAE,Marcelo Sebastián Toledo,5,Hace 2 años,Muy buena atención!!! Muchas gracias por todo!!!,"Muchas gracias! 
Valoramos mucho tu comentario."
Ci9DQUlRQUNvZENodHljRjlvT21WamQwRjBZbEZvUkZjd2EwdHJhV2xPVTJVNGJYYxAB,Ignacio Rahn,5,Hace 2 meses,Nos sentimos excelentemente bien atendidos todas las veces que fuimos. Un placer hacer compras de la casa asi.,"Que bueno Ignacio!
gracias por tus comentarios, estamos trabajando para mejorar la calidad de los servicios y la atención. 
Te esperamos nuevamente para ayudarte en tus proyectos!
Saludos!"
Ci9DQUlRQUNvZENodHljRjlvT210MVMxbFJVRE5pU1ZveGRuVnZPSEppVUZGTmRFRRAB,natalia pedernera,5,Hace 2 meses,Quiero destacar la excelente atención d ellos empleados de sucursal City Bell . Fui varias veces y hoy gracias a su asesoramiento puede resolver algo 🙌🏼💯…,"Que bueno Natalia que te podamos ayudar, estamos trabajando de manera consciente con el cliente y tus palabras lo demuestran. Te esperamos cuando quieras! 
Saludos!"
Ci9DQUlRQUNvZENodHljRjlvT25VeGEzZDJYMUZpZFhsU1RUWTFha3hCZDJwRFRYYxAB,Carlos Omar Bisignano,5,Hace 2 meses,,"Gracias Carlos Omar por tenernos en cuenta.
Te esperamos nuevamente!"
Ci9DQUlRQUNvZENodHljRjlvT2toM2JXNW5aa2RsTUhka2FXVnFSRGxrYVd4WmVtYxAB,Jose Luis Gallego,5,Hace 2 semanas,"me encantó su atención,y está bien surtido,los empleados son muy atentos","Muchas gracias José por la reseña, te esperamos nuevamente cuando gustes!
Saludos°!"
Ci9DQUlRQUNvZENodHljRjlvT21WalNXaGpaR3hLV1c0M1NXOXFTREZSUW1KeGJrRRAB,brenda albamonte,5,Hace 2 semanas,Muy buena atención en centenario,"Muchas gracias Brenda por destacar nuestra atención, nos alegra mcuho que cumplamos con las expectativas. Te esperamos nuevamente cuando desees!
Saludos!"
ChZDSUhNMG9nS0VJQ0FnSURwOTgyek9nEAE,Carolina Bisignano,5,Hace 3 años,,"Carolina gracias por tu reconocimiento, Estamos comprometidos con el trabajo para mejorar la calidad de los servicios y la atención de nuestros clientes. Te esperamos nuevamente en tus proyectos!
Que tengas un excelente fin de semana!"
Ci9DQUlRQUNvZENodHljRjlvT2w5bGFVZzRkV3MwUkVGcWNrVlhNRTlHYVVOYU9IYxAB,Pablo Laurito,5,Hace 3 meses,"Excelente!!! La atención de Nestor!!! Y los productos, los cortes y la rapidez del trabajo!!!","Pablo, gracias por tus comentarios, estamos trabajando para mejorar la calidad de los servicios y la atención personalizada. Te esperamos nuevamente! 
Saludos!"
Ci9DQUlRQUNvZENodHljRjlvT2xkTVF6aFhSME4yYlc1bE9IaHpiVXR1VGw5Q1NHYxAB,Reinaldo Mario Chiodini,5,Hace 3 meses,Buena atención y calefacción óptima. Buen surtido de materiales modernos.,"Muchas gracias Reinaldo por destacar esas pequeñas cosas que completan una experiencia de compra satisfactoria. Te esperamos nuevamente por nuestros locales! 
Saludos!"
Ci9DQUlRQUNvZENodHljRjlvT2s5MVZEVTVVR3AwYkhFeGEwSmpObUprV1VNMmFHYxAB,Lucas Merlo,5,Hace 3 meses,"Gran atención, accesoramiento y calidad de materiales, juan el mejor","Gracias Lucas por destacar en compromiso con el cliente, te esperamos nuevamente!"
Ci9DQUlRQUNvZENodHljRjlvT2tsaVFYSkhiR281UjNGV2NXczBRVUp5VDJGSk5FRRAB,Liliana Marquez,5,Hace 4 semanas,"Me atendió Nestor y me asesoró perfectamente por un problema de herraje.
Excelente atención","Hola Liliana!
Gracias por la critica, nos alegra mucho que te pudimos ayudar!
Te esperamos cuando gustes. Saludos!"
Ci9DQUlRQUNvZENodHljRjlvT2tzNFIxTmphVFZ3U2xwa2NsTnVVbEkxTFRCSmQyYxAB,Eduardo Zaritsky,5,Hace 5 meses,Excelente experiencia y asesoramiento de todo el personal,"Muchas gracias Eduardo por la devolución, te esperamos nuevamente! 
Saludos"
Ci9DQUlRQUNvZENodHljRjlvT25Fd05FWTNRWFZaVHpWUlYwUmpXbUZXZDJKdFYzYxAB,Alejo Bastons,5,Hace 7 meses,,"Gracias Alejo!
Te esperamos, saludos!"
Ci9DQUlRQUNvZENodHljRjlvT2s5TlRIbEdjMnBOTmpkbGFGUjNTRW8wVkdveFpHYxAB,Milva Paoletti,5,Hace 8 meses,Excelente atención y calidad de materiales,"Gracias Milva,  gracias por tus comentarios, estamos trabajando para mejorar la calidad de los servicios y la atención. Te esperamos nuevamente para tus proyectos!
Saludos y que tengas un excelente fin de semana."
Ci9DQUlRQUNvZENodHljRjlvT25OWFFWQnphbUpUWW5Wb1YyRjBaRTgwTUU5WVIzYxAB,MHsports Mariano helt,5,Hace 8 meses,Nestor me atendió de diez....asesoramiento y calidad,"Muchas gracias Maríano por destacar la calidez humana de nuestros compañeros. Queremos seguir ayudando en tus proyectos!
Te esperamos."
ChdDSUhNMG9nS0VJQ0FnTURRMDZua3F3RRAB,justina guallama,5,Hace un año,Muy bueno todo!!!,"Gracias Justina por tus palabras. 
Te esperamos nuevamente, que tengas un buen finde!"
ChZDSUhNMG9nS0VJQ0FnTUNnbk5XbERREAE,nicolas patricio Romero,5,Hace un año,Un genio Néstor,"Nicolas gracias por tus comentarios, estamos trabajando para mejorar la atención y la satisfacción del cliente.
Te esperamos nuevamente!
Saludos"
ChZDSUhNMG9nS0VJQ0FnSUNmNmQydmVnEAE,sergio ravasso,5,Hace un año,,"Gracias Sergio por apoyarnos, saludos y que tengas un excelente fin de semana."
ChdDSUhNMG9nS0VJQ0FnSUNIZ1lyWDZBRRAB,Sandy Sierra,5,Hace un año,"Excelente atención. Llegué a buscar herrajes y me sorprendió que tienen un showroom y me dieron asesoramiento integral.

Gracias.","Muchas gracias Sandy por tus comentarios, estamos trabajando para mejorar la calidad de los servicios y la atención. Te esperamos nuevamente en tus proyectos!
Que tengas un excelente fin de semana!"
Ci9DQUlRQUNvZENodHljRjlvT21neVRVdEpPWEpRT0hkc1NXdHdNbmx2WVdOM01XYxAB,Matias Zuccheri,5,Hace un mes,,"Gracias Matias por tu reseña!
Saludos!!"
Ci9DQUlRQUNvZENodHljRjlvT25rdFkwaE5WVjl4TjBoYWFETnVSek5wTUVVMlduYxAB,Maria Carla Garza,5,Hace un mes,"Nestor y juan los mejores del mundo mundial. Paciencia, buen asesoramiento. Y excelente atención","Hola Maria! muchas gracias por destacar la calidez de los chicos, te esperamos nuevamente para acompañarte en tus proyectos!
Saludos!"
Ci9DQUlRQUNvZENodHljRjlvT2pRMFJEbDZXakY0UlVWdU9WOXRhWE5NTFdSdExYYxAB,Pablo Fellau,5,Hace un mes,,"Gracias Pablo por confiar en nosotros, te esperamos nuevamente! 
Saludos."
Ci9DQUlRQUNvZENodHljRjlvT2tsMU1VaDJjVTVrUzA1RVgybDFNVWRTVjFSV1RsRRAB,Dylan Agama Falcon,5,Hace un mes,Excelente servicio y atención.,"Dylan, gracias por tus comentarios, estamos trabajando para mejorar la calidad de los servicios y la atención. Te esperamos nuevamente!"
Ci9DQUlRQUNvZENodHljRjlvT25odVFrazFia05DTFRaNmRIQmtUMmxTYm10MlUwRRAB,Diego Leiva,5,hace 3 días,"Atención muy cordial y eficiente, enfocados en la buena atención y la solución. La verdad un placer .",
